,stim,history,filename,class,onset,IndicoAPIExtractor,IndicoAPIExtractor
,,,,,,duration,sentiment
,,,,,,,
0,,AudioStim->IBMSpeechAPIConverter/ComplexTextStim->IndicoAPIExtractor/ExtractorResult,,ComplexTextStim,4.0,0.26,0.4719109023
1,,AudioStim->IBMSpeechAPIConverter/ComplexTextStim->IndicoAPIExtractor/ExtractorResult,,ComplexTextStim,7.23,0.09,0.4690169086
2,,AudioStim->IBMSpeechAPIConverter/ComplexTextStim->IndicoAPIExtractor/ExtractorResult,,ComplexTextStim,7.32,0.53,0.7836825939
3,,AudioStim->IBMSpeechAPIConverter/ComplexTextStim->IndicoAPIExtractor/ExtractorResult,,ComplexTextStim,7.95,0.5,0.4732237898
4,,AudioStim->IBMSpeechAPIConverter/ComplexTextStim->IndicoAPIExtractor/ExtractorResult,,ComplexTextStim,8.92,0.3,0.1483525874
5,,AudioStim->IBMSpeechAPIConverter/ComplexTextStim->IndicoAPIExtractor/ExtractorResult,,ComplexTextStim,9.22,0.51,0.1273157014
6,,AudioStim->IBMSpeechAPIConverter/ComplexTextStim->IndicoAPIExtractor/ExtractorResult,,ComplexTextStim,9.95,0.19,0.3048742565
7,,AudioStim->IBMSpeechAPIConverter/ComplexTextStim->IndicoAPIExtractor/ExtractorResult,,ComplexTextStim,10.14,0.24,0.4084667833
8,,AudioStim->IBMSpeechAPIConverter/ComplexTextStim->IndicoAPIExtractor/ExtractorResult,,ComplexTextStim,10.38,0.17,0.7102967717
9,,AudioStim->IBMSpeechAPIConverter/ComplexTextStim->IndicoAPIExtractor/ExtractorResult,,ComplexTextStim,10.55,0.37,0.831700295
10,,AudioStim->IBMSpeechAPIConverter/ComplexTextStim->IndicoAPIExtractor/ExtractorResult,,ComplexTextStim,10.92,0.35,0.7545232063
11,,AudioStim->IBMSpeechAPIConverter/ComplexTextStim->IndicoAPIExtractor/ExtractorResult,,ComplexTextStim,13.45,0.16,0.2933184907
12,,AudioStim->IBMSpeechAPIConverter/ComplexTextStim->IndicoAPIExtractor/ExtractorResult,,ComplexTextStim,13.61,0.09,0.4319546923
13,,AudioStim->IBMSpeechAPIConverter/ComplexTextStim->IndicoAPIExtractor/ExtractorResult,,ComplexTextStim,13.7,0.26,0.0327543179
14,,AudioStim->IBMSpeechAPIConverter/ComplexTextStim->IndicoAPIExtractor/ExtractorResult,,ComplexTextStim,13.96,0.14,0.4663613281
15,,AudioStim->IBMSpeechAPIConverter/ComplexTextStim->IndicoAPIExtractor/ExtractorResult,,ComplexTextStim,14.1,0.19,0.4074781773
16,,AudioStim->IBMSpeechAPIConverter/ComplexTextStim->IndicoAPIExtractor/ExtractorResult,,ComplexTextStim,14.29,0.16,0.5861813105
17,,AudioStim->IBMSpeechAPIConverter/ComplexTextStim->IndicoAPIExtractor/ExtractorResult,,ComplexTextStim,14.45,0.3,0.7301744502
18,,AudioStim->IBMSpeechAPIConverter/ComplexTextStim->IndicoAPIExtractor/ExtractorResult,,ComplexTextStim,14.75,0.28,0.4097552475
19,,AudioStim->IBMSpeechAPIConverter/ComplexTextStim->IndicoAPIExtractor/ExtractorResult,,ComplexTextStim,15.68,0.14,0.4084667833
20,,AudioStim->IBMSpeechAPIConverter/ComplexTextStim->IndicoAPIExtractor/ExtractorResult,,ComplexTextStim,15.82,0.14,0.4319546923
21,,AudioStim->IBMSpeechAPIConverter/ComplexTextStim->IndicoAPIExtractor/ExtractorResult,,ComplexTextStim,15.96,0.19,0.2375578052
22,,AudioStim->IBMSpeechAPIConverter/ComplexTextStim->IndicoAPIExtractor/ExtractorResult,,ComplexTextStim,16.15,0.53,0.3144056427
23,,AudioStim->IBMSpeechAPIConverter/ComplexTextStim->IndicoAPIExtractor/ExtractorResult,,ComplexTextStim,19.93,0.23,0.757317874
24,,AudioStim->IBMSpeechAPIConverter/ComplexTextStim->IndicoAPIExtractor/ExtractorResult,,ComplexTextStim,20.16,0.31,0.9021214894
25,,AudioStim->IBMSpeechAPIConverter/ComplexTextStim->IndicoAPIExtractor/ExtractorResult,,ComplexTextStim,20.47,0.72,0.7149995522
26,,AudioStim->IBMSpeechAPIConverter/ComplexTextStim->IndicoAPIExtractor/ExtractorResult,,ComplexTextStim,21.23,0.49,0.6269633151
27,,AudioStim->IBMSpeechAPIConverter/ComplexTextStim->IndicoAPIExtractor/ExtractorResult,,ComplexTextStim,21.72,0.14,0.5024276473
28,,AudioStim->IBMSpeechAPIConverter/ComplexTextStim->IndicoAPIExtractor/ExtractorResult,,ComplexTextStim,21.86,0.24,0.757317874
29,,AudioStim->IBMSpeechAPIConverter/ComplexTextStim->IndicoAPIExtractor/ExtractorResult,,ComplexTextStim,22.1,0.42,0.9021214894
30,,AudioStim->IBMSpeechAPIConverter/ComplexTextStim->IndicoAPIExtractor/ExtractorResult,,ComplexTextStim,23.06,0.35,0.6119082812
31,,AudioStim->IBMSpeechAPIConverter/ComplexTextStim->IndicoAPIExtractor/ExtractorResult,,ComplexTextStim,23.41,0.25,0.3686963658
32,,AudioStim->IBMSpeechAPIConverter/ComplexTextStim->IndicoAPIExtractor/ExtractorResult,,ComplexTextStim,23.66,0.49,0.8902431866
33,,AudioStim->IBMSpeechAPIConverter/ComplexTextStim->IndicoAPIExtractor/ExtractorResult,,ComplexTextStim,24.15,0.23,0.2031473786
34,,AudioStim->IBMSpeechAPIConverter/ComplexTextStim->IndicoAPIExtractor/ExtractorResult,,ComplexTextStim,24.38,0.41,0.1391114127
35,,AudioStim->IBMSpeechAPIConverter/ComplexTextStim->IndicoAPIExtractor/ExtractorResult,,ComplexTextStim,26.02,0.16,0.4690169086
36,,AudioStim->IBMSpeechAPIConverter/ComplexTextStim->IndicoAPIExtractor/ExtractorResult,,ComplexTextStim,26.18,0.26,0.4663613281
37,,AudioStim->IBMSpeechAPIConverter/ComplexTextStim->IndicoAPIExtractor/ExtractorResult,,ComplexTextStim,26.44,0.62,0.9044063896
38,,AudioStim->IBMSpeechAPIConverter/ComplexTextStim->IndicoAPIExtractor/ExtractorResult,,ComplexTextStim,27.06,0.19,0.3953678114
39,,AudioStim->IBMSpeechAPIConverter/ComplexTextStim->IndicoAPIExtractor/ExtractorResult,,ComplexTextStim,27.25,0.22,0.4663613281
40,,AudioStim->IBMSpeechAPIConverter/ComplexTextStim->IndicoAPIExtractor/ExtractorResult,,ComplexTextStim,27.47,0.22,0.4813527528
41,,AudioStim->IBMSpeechAPIConverter/ComplexTextStim->IndicoAPIExtractor/ExtractorResult,,ComplexTextStim,27.69,0.08,0.5024276473
42,,AudioStim->IBMSpeechAPIConverter/ComplexTextStim->IndicoAPIExtractor/ExtractorResult,,ComplexTextStim,27.77,0.27,0.6287282145
43,,AudioStim->IBMSpeechAPIConverter/ComplexTextStim->IndicoAPIExtractor/ExtractorResult,,ComplexTextStim,28.04,0.45,0.8601720708
44,,AudioStim->IBMSpeechAPIConverter/ComplexTextStim->IndicoAPIExtractor/ExtractorResult,,ComplexTextStim,29.24,0.13,0.7662720834
45,,AudioStim->IBMSpeechAPIConverter/ComplexTextStim->IndicoAPIExtractor/ExtractorResult,,ComplexTextStim,29.37,0.07,0.4097552475
46,,AudioStim->IBMSpeechAPIConverter/ComplexTextStim->IndicoAPIExtractor/ExtractorResult,,ComplexTextStim,29.44,0.45,0.5345361952
47,,AudioStim->IBMSpeechAPIConverter/ComplexTextStim->IndicoAPIExtractor/ExtractorResult,,ComplexTextStim,29.99,0.72,0.7150052644
48,,AudioStim->IBMSpeechAPIConverter/ComplexTextStim->IndicoAPIExtractor/ExtractorResult,,ComplexTextStim,32.0,0.47,0.5227279673
49,,AudioStim->IBMSpeechAPIConverter/ComplexTextStim->IndicoAPIExtractor/ExtractorResult,,ComplexTextStim,35.0,0.5,0.5572395996
50,,AudioStim->IBMSpeechAPIConverter/ComplexTextStim->IndicoAPIExtractor/ExtractorResult,,ComplexTextStim,81.5,0.35,0.6044900412
51,,AudioStim->IBMSpeechAPIConverter/ComplexTextStim->IndicoAPIExtractor/ExtractorResult,,ComplexTextStim,82.12,0.18,0.7102967717
52,,AudioStim->IBMSpeechAPIConverter/ComplexTextStim->IndicoAPIExtractor/ExtractorResult,,ComplexTextStim,82.3,0.4,0.6044900412
53,,AudioStim->IBMSpeechAPIConverter/ComplexTextStim->IndicoAPIExtractor/ExtractorResult,,ComplexTextStim,87.79,0.13,0.5024276473
54,,AudioStim->IBMSpeechAPIConverter/ComplexTextStim->IndicoAPIExtractor/ExtractorResult,,ComplexTextStim,87.92,0.12,0.6944654137
55,,AudioStim->IBMSpeechAPIConverter/ComplexTextStim->IndicoAPIExtractor/ExtractorResult,,ComplexTextStim,88.04,0.29,0.6509705414
56,,AudioStim->IBMSpeechAPIConverter/ComplexTextStim->IndicoAPIExtractor/ExtractorResult,,ComplexTextStim,88.33,0.23,0.3243193041
57,,AudioStim->IBMSpeechAPIConverter/ComplexTextStim->IndicoAPIExtractor/ExtractorResult,,ComplexTextStim,88.56,0.08,0.4690169086
58,,AudioStim->IBMSpeechAPIConverter/ComplexTextStim->IndicoAPIExtractor/ExtractorResult,,ComplexTextStim,88.64,0.3,0.6509705414
59,,AudioStim->IBMSpeechAPIConverter/ComplexTextStim->IndicoAPIExtractor/ExtractorResult,,ComplexTextStim,89.14,0.25,0.0183688583
60,,AudioStim->IBMSpeechAPIConverter/ComplexTextStim->IndicoAPIExtractor/ExtractorResult,,ComplexTextStim,89.39,0.35,0.3576517143
61,,AudioStim->IBMSpeechAPIConverter/ComplexTextStim->IndicoAPIExtractor/ExtractorResult,,ComplexTextStim,89.74,0.56,0.6943765794
62,,AudioStim->IBMSpeechAPIConverter/ComplexTextStim->IndicoAPIExtractor/ExtractorResult,,ComplexTextStim,91.17,0.49,0.0480640329
63,,AudioStim->IBMSpeechAPIConverter/ComplexTextStim->IndicoAPIExtractor/ExtractorResult,,ComplexTextStim,91.7,0.21,0.6044900412
64,,AudioStim->IBMSpeechAPIConverter/ComplexTextStim->IndicoAPIExtractor/ExtractorResult,,ComplexTextStim,91.91,0.42,0.4427008385
65,,AudioStim->IBMSpeechAPIConverter/ComplexTextStim->IndicoAPIExtractor/ExtractorResult,,ComplexTextStim,92.37,0.17,0.0666238341
66,,AudioStim->IBMSpeechAPIConverter/ComplexTextStim->IndicoAPIExtractor/ExtractorResult,,ComplexTextStim,92.54,0.03,0.4690169086
67,,AudioStim->IBMSpeechAPIConverter/ComplexTextStim->IndicoAPIExtractor/ExtractorResult,,ComplexTextStim,92.57,0.51,0.8225310643
68,,AudioStim->IBMSpeechAPIConverter/ComplexTextStim->IndicoAPIExtractor/ExtractorResult,,ComplexTextStim,93.4,0.26,0.2234609701
69,,AudioStim->IBMSpeechAPIConverter/ComplexTextStim->IndicoAPIExtractor/ExtractorResult,,ComplexTextStim,109.63,0.32,0.4389438933
70,,AudioStim->IBMSpeechAPIConverter/ComplexTextStim->IndicoAPIExtractor/ExtractorResult,,ComplexTextStim,109.95,0.33,0.4856702661
71,,AudioStim->IBMSpeechAPIConverter/ComplexTextStim->IndicoAPIExtractor/ExtractorResult,,ComplexTextStim,110.38,0.29,0.2181641766
72,,AudioStim->IBMSpeechAPIConverter/ComplexTextStim->IndicoAPIExtractor/ExtractorResult,,ComplexTextStim,110.67,0.75,0.7549611905
73,,AudioStim->IBMSpeechAPIConverter/ComplexTextStim->IndicoAPIExtractor/ExtractorResult,,ComplexTextStim,113.2,0.15,0.3048742565
74,,AudioStim->IBMSpeechAPIConverter/ComplexTextStim->IndicoAPIExtractor/ExtractorResult,,ComplexTextStim,113.35,0.17,0.5338341124
75,,AudioStim->IBMSpeechAPIConverter/ComplexTextStim->IndicoAPIExtractor/ExtractorResult,,ComplexTextStim,113.52,0.25,0.9999281695
76,,AudioStim->IBMSpeechAPIConverter/ComplexTextStim->IndicoAPIExtractor/ExtractorResult,,ComplexTextStim,115.4,0.58,0.2028093425
77,,AudioStim->IBMSpeechAPIConverter/ComplexTextStim->IndicoAPIExtractor/ExtractorResult,,ComplexTextStim,116.7,0.18,0.6944654137
78,,AudioStim->IBMSpeechAPIConverter/ComplexTextStim->IndicoAPIExtractor/ExtractorResult,,ComplexTextStim,116.88,0.33,0.6498232511
79,,AudioStim->IBMSpeechAPIConverter/ComplexTextStim->IndicoAPIExtractor/ExtractorResult,,ComplexTextStim,117.33,0.35,0.4553698918
80,,AudioStim->IBMSpeechAPIConverter/ComplexTextStim->IndicoAPIExtractor/ExtractorResult,,ComplexTextStim,118.19,0.31,0.0666238341
81,,AudioStim->IBMSpeechAPIConverter/ComplexTextStim->IndicoAPIExtractor/ExtractorResult,,ComplexTextStim,121.37,0.36,0.5880763712
82,,AudioStim->IBMSpeechAPIConverter/ComplexTextStim->IndicoAPIExtractor/ExtractorResult,,ComplexTextStim,122.16,0.49,0.2433622609
83,,AudioStim->IBMSpeechAPIConverter/ComplexTextStim->IndicoAPIExtractor/ExtractorResult,,ComplexTextStim,122.78,0.18,0.1154130178
84,,AudioStim->IBMSpeechAPIConverter/ComplexTextStim->IndicoAPIExtractor/ExtractorResult,,ComplexTextStim,127.51,0.15,0.7048884941
85,,AudioStim->IBMSpeechAPIConverter/ComplexTextStim->IndicoAPIExtractor/ExtractorResult,,ComplexTextStim,127.66,0.28,0.4594298857
86,,AudioStim->IBMSpeechAPIConverter/ComplexTextStim->IndicoAPIExtractor/ExtractorResult,,ComplexTextStim,127.94,0.14,0.4690169086
87,,AudioStim->IBMSpeechAPIConverter/ComplexTextStim->IndicoAPIExtractor/ExtractorResult,,ComplexTextStim,128.08,0.19,0.4033583508
88,,AudioStim->IBMSpeechAPIConverter/ComplexTextStim->IndicoAPIExtractor/ExtractorResult,,ComplexTextStim,128.27,0.49,0.0424595214
89,,AudioStim->IBMSpeechAPIConverter/ComplexTextStim->IndicoAPIExtractor/ExtractorResult,,ComplexTextStim,129.3,0.25,0.0482944718
90,,AudioStim->IBMSpeechAPIConverter/ComplexTextStim->IndicoAPIExtractor/ExtractorResult,,ComplexTextStim,131.07,0.18,0.5024276473
91,,AudioStim->IBMSpeechAPIConverter/ComplexTextStim->IndicoAPIExtractor/ExtractorResult,,ComplexTextStim,131.25,0.16,0.4719109023
92,,AudioStim->IBMSpeechAPIConverter/ComplexTextStim->IndicoAPIExtractor/ExtractorResult,,ComplexTextStim,131.41,0.37,0.6332814727
93,,AudioStim->IBMSpeechAPIConverter/ComplexTextStim->IndicoAPIExtractor/ExtractorResult,,ComplexTextStim,131.78,0.25,0.4690169086
94,,AudioStim->IBMSpeechAPIConverter/ComplexTextStim->IndicoAPIExtractor/ExtractorResult,,ComplexTextStim,133.47,0.13,0.4817267179
95,,AudioStim->IBMSpeechAPIConverter/ComplexTextStim->IndicoAPIExtractor/ExtractorResult,,ComplexTextStim,133.6,0.34,0.7438927383
96,,AudioStim->IBMSpeechAPIConverter/ComplexTextStim->IndicoAPIExtractor/ExtractorResult,,ComplexTextStim,133.94,0.32,0.2120630132
97,,AudioStim->IBMSpeechAPIConverter/ComplexTextStim->IndicoAPIExtractor/ExtractorResult,,ComplexTextStim,138.53,0.48,0.3842339779
98,,AudioStim->IBMSpeechAPIConverter/ComplexTextStim->IndicoAPIExtractor/ExtractorResult,,ComplexTextStim,139.08,0.53,0.9706736471
99,,AudioStim->IBMSpeechAPIConverter/ComplexTextStim->IndicoAPIExtractor/ExtractorResult,,ComplexTextStim,139.61,0.37,0.5906804536
100,,AudioStim->IBMSpeechAPIConverter/ComplexTextStim->IndicoAPIExtractor/ExtractorResult,,ComplexTextStim,140.04,0.17,0.8460294596
101,,AudioStim->IBMSpeechAPIConverter/ComplexTextStim->IndicoAPIExtractor/ExtractorResult,,ComplexTextStim,140.21,0.12,0.4690169086
102,,AudioStim->IBMSpeechAPIConverter/ComplexTextStim->IndicoAPIExtractor/ExtractorResult,,ComplexTextStim,140.33,0.28,0.4553698918
103,,AudioStim->IBMSpeechAPIConverter/ComplexTextStim->IndicoAPIExtractor/ExtractorResult,,ComplexTextStim,140.61,0.21,0.6458658111
104,,AudioStim->IBMSpeechAPIConverter/ComplexTextStim->IndicoAPIExtractor/ExtractorResult,,ComplexTextStim,166.61,0.18,0.4690169086
105,,AudioStim->IBMSpeechAPIConverter/ComplexTextStim->IndicoAPIExtractor/ExtractorResult,,ComplexTextStim,166.86,0.37,0.8615042219
106,,AudioStim->IBMSpeechAPIConverter/ComplexTextStim->IndicoAPIExtractor/ExtractorResult,,ComplexTextStim,167.23,0.1,0.4719109023
107,,AudioStim->IBMSpeechAPIConverter/ComplexTextStim->IndicoAPIExtractor/ExtractorResult,,ComplexTextStim,167.33,0.42,0.1708607855
108,,AudioStim->IBMSpeechAPIConverter/ComplexTextStim->IndicoAPIExtractor/ExtractorResult,,ComplexTextStim,168.89,0.23,0.4518723639
109,,AudioStim->IBMSpeechAPIConverter/ComplexTextStim->IndicoAPIExtractor/ExtractorResult,,ComplexTextStim,169.12,0.11,0.4719109023
110,,AudioStim->IBMSpeechAPIConverter/ComplexTextStim->IndicoAPIExtractor/ExtractorResult,,ComplexTextStim,170.48,0.11,0.6044900412
111,,AudioStim->IBMSpeechAPIConverter/ComplexTextStim->IndicoAPIExtractor/ExtractorResult,,ComplexTextStim,170.59,0.04,0.4690169086
112,,AudioStim->IBMSpeechAPIConverter/ComplexTextStim->IndicoAPIExtractor/ExtractorResult,,ComplexTextStim,170.63,0.16,0.2546040195
113,,AudioStim->IBMSpeechAPIConverter/ComplexTextStim->IndicoAPIExtractor/ExtractorResult,,ComplexTextStim,170.79,0.31,0.1555556823
114,,AudioStim->IBMSpeechAPIConverter/ComplexTextStim->IndicoAPIExtractor/ExtractorResult,,ComplexTextStim,171.1,0.25,0.5610561047
115,,AudioStim->IBMSpeechAPIConverter/ComplexTextStim->IndicoAPIExtractor/ExtractorResult,,ComplexTextStim,171.35,0.22,0.6094418997
116,,AudioStim->IBMSpeechAPIConverter/ComplexTextStim->IndicoAPIExtractor/ExtractorResult,,ComplexTextStim,172.12,0.11,0.2933184907
117,,AudioStim->IBMSpeechAPIConverter/ComplexTextStim->IndicoAPIExtractor/ExtractorResult,,ComplexTextStim,172.23,0.15,0.4834512889
118,,AudioStim->IBMSpeechAPIConverter/ComplexTextStim->IndicoAPIExtractor/ExtractorResult,,ComplexTextStim,172.38,0.13,0.3243193041
119,,AudioStim->IBMSpeechAPIConverter/ComplexTextStim->IndicoAPIExtractor/ExtractorResult,,ComplexTextStim,173.73,0.17,0.4262798014
120,,AudioStim->IBMSpeechAPIConverter/ComplexTextStim->IndicoAPIExtractor/ExtractorResult,,ComplexTextStim,178.71,0.06,0.4690169086
121,,AudioStim->IBMSpeechAPIConverter/ComplexTextStim->IndicoAPIExtractor/ExtractorResult,,ComplexTextStim,178.77,0.14,0.1913498818
122,,AudioStim->IBMSpeechAPIConverter/ComplexTextStim->IndicoAPIExtractor/ExtractorResult,,ComplexTextStim,178.91,0.12,0.3897257541
123,,AudioStim->IBMSpeechAPIConverter/ComplexTextStim->IndicoAPIExtractor/ExtractorResult,,ComplexTextStim,179.03,0.05,0.4690169086
124,,AudioStim->IBMSpeechAPIConverter/ComplexTextStim->IndicoAPIExtractor/ExtractorResult,,ComplexTextStim,179.08,0.2,0.7455331154
125,,AudioStim->IBMSpeechAPIConverter/ComplexTextStim->IndicoAPIExtractor/ExtractorResult,,ComplexTextStim,179.28,0.15,0.554705123
126,,AudioStim->IBMSpeechAPIConverter/ComplexTextStim->IndicoAPIExtractor/ExtractorResult,,ComplexTextStim,179.43,0.15,0.6748474854
127,,AudioStim->IBMSpeechAPIConverter/ComplexTextStim->IndicoAPIExtractor/ExtractorResult,,ComplexTextStim,182.06,0.12,0.1913498818
128,,AudioStim->IBMSpeechAPIConverter/ComplexTextStim->IndicoAPIExtractor/ExtractorResult,,ComplexTextStim,182.18,0.22,0.4015861418
129,,AudioStim->IBMSpeechAPIConverter/ComplexTextStim->IndicoAPIExtractor/ExtractorResult,,ComplexTextStim,182.4,0.33,0.3831870181
130,,AudioStim->IBMSpeechAPIConverter/ComplexTextStim->IndicoAPIExtractor/ExtractorResult,,ComplexTextStim,198.51,0.26,0.7666821674
131,,AudioStim->IBMSpeechAPIConverter/ComplexTextStim->IndicoAPIExtractor/ExtractorResult,,ComplexTextStim,198.77,0.18,0.6944654137
132,,AudioStim->IBMSpeechAPIConverter/ComplexTextStim->IndicoAPIExtractor/ExtractorResult,,ComplexTextStim,198.95,0.28,0.8468507561
133,,AudioStim->IBMSpeechAPIConverter/ComplexTextStim->IndicoAPIExtractor/ExtractorResult,,ComplexTextStim,200.06,0.03,0.4690169086
134,,AudioStim->IBMSpeechAPIConverter/ComplexTextStim->IndicoAPIExtractor/ExtractorResult,,ComplexTextStim,200.09,0.22,0.5746368392
135,,AudioStim->IBMSpeechAPIConverter/ComplexTextStim->IndicoAPIExtractor/ExtractorResult,,ComplexTextStim,200.31,0.09,0.4690169086
136,,AudioStim->IBMSpeechAPIConverter/ComplexTextStim->IndicoAPIExtractor/ExtractorResult,,ComplexTextStim,200.6,0.43,0.9157476654
137,,AudioStim->IBMSpeechAPIConverter/ComplexTextStim->IndicoAPIExtractor/ExtractorResult,,ComplexTextStim,202.47,0.43,0.7507729346
138,,AudioStim->IBMSpeechAPIConverter/ComplexTextStim->IndicoAPIExtractor/ExtractorResult,,ComplexTextStim,203.55,0.06,0.5880763712
139,,AudioStim->IBMSpeechAPIConverter/ComplexTextStim->IndicoAPIExtractor/ExtractorResult,,ComplexTextStim,203.61,0.45,0.1913498818
140,,AudioStim->IBMSpeechAPIConverter/ComplexTextStim->IndicoAPIExtractor/ExtractorResult,,ComplexTextStim,206.44,0.21,0.6666853693
141,,AudioStim->IBMSpeechAPIConverter/ComplexTextStim->IndicoAPIExtractor/ExtractorResult,,ComplexTextStim,206.76,0.22,0.1913498818
142,,AudioStim->IBMSpeechAPIConverter/ComplexTextStim->IndicoAPIExtractor/ExtractorResult,,ComplexTextStim,206.98,0.08,0.5024276473
143,,AudioStim->IBMSpeechAPIConverter/ComplexTextStim->IndicoAPIExtractor/ExtractorResult,,ComplexTextStim,207.06,0.08,0.4719109023
144,,AudioStim->IBMSpeechAPIConverter/ComplexTextStim->IndicoAPIExtractor/ExtractorResult,,ComplexTextStim,207.14,0.47,0.2564489393
145,,AudioStim->IBMSpeechAPIConverter/ComplexTextStim->IndicoAPIExtractor/ExtractorResult,,ComplexTextStim,207.61,0.26,0.6748474854
146,,AudioStim->IBMSpeechAPIConverter/ComplexTextStim->IndicoAPIExtractor/ExtractorResult,,ComplexTextStim,207.87,0.29,0.0105629414
147,,AudioStim->IBMSpeechAPIConverter/ComplexTextStim->IndicoAPIExtractor/ExtractorResult,,ComplexTextStim,208.16,0.37,0.3036143747
148,,AudioStim->IBMSpeechAPIConverter/ComplexTextStim->IndicoAPIExtractor/ExtractorResult,,ComplexTextStim,208.53,0.51,0.7285439141
149,,AudioStim->IBMSpeechAPIConverter/ComplexTextStim->IndicoAPIExtractor/ExtractorResult,,ComplexTextStim,210.57,0.03,0.4690169086
150,,AudioStim->IBMSpeechAPIConverter/ComplexTextStim->IndicoAPIExtractor/ExtractorResult,,ComplexTextStim,210.6,0.23,0.7526763258
151,,AudioStim->IBMSpeechAPIConverter/ComplexTextStim->IndicoAPIExtractor/ExtractorResult,,ComplexTextStim,212.69,0.03,0.4690169086
152,,AudioStim->IBMSpeechAPIConverter/ComplexTextStim->IndicoAPIExtractor/ExtractorResult,,ComplexTextStim,212.72,0.16,0.4357501102
153,,AudioStim->IBMSpeechAPIConverter/ComplexTextStim->IndicoAPIExtractor/ExtractorResult,,ComplexTextStim,212.88,0.04,0.4690169086
154,,AudioStim->IBMSpeechAPIConverter/ComplexTextStim->IndicoAPIExtractor/ExtractorResult,,ComplexTextStim,212.92,0.24,0.3794101939
155,,AudioStim->IBMSpeechAPIConverter/ComplexTextStim->IndicoAPIExtractor/ExtractorResult,,ComplexTextStim,213.16,0.21,0.5715799142
156,,AudioStim->IBMSpeechAPIConverter/ComplexTextStim->IndicoAPIExtractor/ExtractorResult,,ComplexTextStim,213.82,0.48,0.5230982216
157,,AudioStim->IBMSpeechAPIConverter/ComplexTextStim->IndicoAPIExtractor/ExtractorResult,,ComplexTextStim,214.54,0.27,0.5426956828
158,,AudioStim->IBMSpeechAPIConverter/ComplexTextStim->IndicoAPIExtractor/ExtractorResult,,ComplexTextStim,214.81,0.24,0.5880763712
159,,AudioStim->IBMSpeechAPIConverter/ComplexTextStim->IndicoAPIExtractor/ExtractorResult,,ComplexTextStim,216.06,0.29,0.8601720708
160,,AudioStim->IBMSpeechAPIConverter/ComplexTextStim->IndicoAPIExtractor/ExtractorResult,,ComplexTextStim,216.65,0.24,0.490485389
161,,AudioStim->IBMSpeechAPIConverter/ComplexTextStim->IndicoAPIExtractor/ExtractorResult,,ComplexTextStim,216.89,0.24,0.4427008385
162,,AudioStim->IBMSpeechAPIConverter/ComplexTextStim->IndicoAPIExtractor/ExtractorResult,,ComplexTextStim,217.72,0.27,0.6290005124
163,,AudioStim->IBMSpeechAPIConverter/ComplexTextStim->IndicoAPIExtractor/ExtractorResult,,ComplexTextStim,225.25,0.5,0.5979059145
164,,AudioStim->IBMSpeechAPIConverter/ComplexTextStim->IndicoAPIExtractor/ExtractorResult,,ComplexTextStim,225.75,0.09,0.4719109023
165,,AudioStim->IBMSpeechAPIConverter/ComplexTextStim->IndicoAPIExtractor/ExtractorResult,,ComplexTextStim,225.84,0.31,0.498783016
166,,AudioStim->IBMSpeechAPIConverter/ComplexTextStim->IndicoAPIExtractor/ExtractorResult,,ComplexTextStim,226.15,0.5,0.5358395143
167,,AudioStim->IBMSpeechAPIConverter/ComplexTextStim->IndicoAPIExtractor/ExtractorResult,,ComplexTextStim,226.68,0.55,0.2041517938
168,,AudioStim->IBMSpeechAPIConverter/ComplexTextStim->IndicoAPIExtractor/ExtractorResult,,ComplexTextStim,227.23,0.3,0.39090596
169,,AudioStim->IBMSpeechAPIConverter/ComplexTextStim->IndicoAPIExtractor/ExtractorResult,,ComplexTextStim,227.53,0.38,0.7918779399
170,,AudioStim->IBMSpeechAPIConverter/ComplexTextStim->IndicoAPIExtractor/ExtractorResult,,ComplexTextStim,227.91,0.15,0.3243193041
171,,AudioStim->IBMSpeechAPIConverter/ComplexTextStim->IndicoAPIExtractor/ExtractorResult,,ComplexTextStim,229.58,0.21,0.6290005124
172,,AudioStim->IBMSpeechAPIConverter/ComplexTextStim->IndicoAPIExtractor/ExtractorResult,,ComplexTextStim,229.79,0.32,0.0105629414
173,,AudioStim->IBMSpeechAPIConverter/ComplexTextStim->IndicoAPIExtractor/ExtractorResult,,ComplexTextStim,230.14,0.17,0.4319546923
174,,AudioStim->IBMSpeechAPIConverter/ComplexTextStim->IndicoAPIExtractor/ExtractorResult,,ComplexTextStim,232.31,0.2,0.4319546923
175,,AudioStim->IBMSpeechAPIConverter/ComplexTextStim->IndicoAPIExtractor/ExtractorResult,,ComplexTextStim,232.51,0.43,0.0327543179
176,,AudioStim->IBMSpeechAPIConverter/ComplexTextStim->IndicoAPIExtractor/ExtractorResult,,ComplexTextStim,232.94,0.37,0.3160221126
177,,AudioStim->IBMSpeechAPIConverter/ComplexTextStim->IndicoAPIExtractor/ExtractorResult,,ComplexTextStim,233.78,0.13,0.3804385813
178,,AudioStim->IBMSpeechAPIConverter/ComplexTextStim->IndicoAPIExtractor/ExtractorResult,,ComplexTextStim,233.91,0.11,0.4319546923
179,,AudioStim->IBMSpeechAPIConverter/ComplexTextStim->IndicoAPIExtractor/ExtractorResult,,ComplexTextStim,234.02,0.3,0.3633315904
180,,AudioStim->IBMSpeechAPIConverter/ComplexTextStim->IndicoAPIExtractor/ExtractorResult,,ComplexTextStim,240.13,0.29,0.5345361952
181,,AudioStim->IBMSpeechAPIConverter/ComplexTextStim->IndicoAPIExtractor/ExtractorResult,,ComplexTextStim,241.09,0.43,0.9379474179
182,,AudioStim->IBMSpeechAPIConverter/ComplexTextStim->IndicoAPIExtractor/ExtractorResult,,ComplexTextStim,241.52,0.46,0.3811915217
183,,AudioStim->IBMSpeechAPIConverter/ComplexTextStim->IndicoAPIExtractor/ExtractorResult,,ComplexTextStim,292.39,0.21,0.6094418997
184,,AudioStim->IBMSpeechAPIConverter/ComplexTextStim->IndicoAPIExtractor/ExtractorResult,,ComplexTextStim,292.6,0.41,0.6096520609
185,,AudioStim->IBMSpeechAPIConverter/ComplexTextStim->IndicoAPIExtractor/ExtractorResult,,ComplexTextStim,293.16,0.18,0.3243193041
186,,AudioStim->IBMSpeechAPIConverter/ComplexTextStim->IndicoAPIExtractor/ExtractorResult,,ComplexTextStim,293.34,0.66,0.5286094301
187,,AudioStim->IBMSpeechAPIConverter/ComplexTextStim->IndicoAPIExtractor/ExtractorResult,,ComplexTextStim,296.84,0.19,0.4357501102
188,,AudioStim->IBMSpeechAPIConverter/ComplexTextStim->IndicoAPIExtractor/ExtractorResult,,ComplexTextStim,297.03,0.34,0.2774259728
189,,AudioStim->IBMSpeechAPIConverter/ComplexTextStim->IndicoAPIExtractor/ExtractorResult,,ComplexTextStim,297.37,0.47,0.2626399384
190,,AudioStim->IBMSpeechAPIConverter/ComplexTextStim->IndicoAPIExtractor/ExtractorResult,,ComplexTextStim,297.84,0.08,0.4719109023
191,,AudioStim->IBMSpeechAPIConverter/ComplexTextStim->IndicoAPIExtractor/ExtractorResult,,ComplexTextStim,297.92,0.55,0.9085106836
192,,AudioStim->IBMSpeechAPIConverter/ComplexTextStim->IndicoAPIExtractor/ExtractorResult,,ComplexTextStim,298.5,0.28,0.7736816828
193,,AudioStim->IBMSpeechAPIConverter/ComplexTextStim->IndicoAPIExtractor/ExtractorResult,,ComplexTextStim,298.78,0.68,0.9886041602
194,,AudioStim->IBMSpeechAPIConverter/ComplexTextStim->IndicoAPIExtractor/ExtractorResult,,ComplexTextStim,307.56,0.23,0.6488333099
195,,AudioStim->IBMSpeechAPIConverter/ComplexTextStim->IndicoAPIExtractor/ExtractorResult,,ComplexTextStim,307.79,0.61,0.7517343675
196,,AudioStim->IBMSpeechAPIConverter/ComplexTextStim->IndicoAPIExtractor/ExtractorResult,,ComplexTextStim,308.52,0.52,0.2462084471
197,,AudioStim->IBMSpeechAPIConverter/ComplexTextStim->IndicoAPIExtractor/ExtractorResult,,ComplexTextStim,309.04,0.44,0.6165436983
198,,AudioStim->IBMSpeechAPIConverter/ComplexTextStim->IndicoAPIExtractor/ExtractorResult,,ComplexTextStim,310.32,0.27,0.2008836468
199,,AudioStim->IBMSpeechAPIConverter/ComplexTextStim->IndicoAPIExtractor/ExtractorResult,,ComplexTextStim,310.59,0.19,0.3177516058
200,,AudioStim->IBMSpeechAPIConverter/ComplexTextStim->IndicoAPIExtractor/ExtractorResult,,ComplexTextStim,310.88,0.51,0.5607427587
201,,AudioStim->IBMSpeechAPIConverter/ComplexTextStim->IndicoAPIExtractor/ExtractorResult,,ComplexTextStim,311.45,0.51,0.2710160052
202,,AudioStim->IBMSpeechAPIConverter/ComplexTextStim->IndicoAPIExtractor/ExtractorResult,,ComplexTextStim,312.02,0.43,0.2615559077
203,,AudioStim->IBMSpeechAPIConverter/ComplexTextStim->IndicoAPIExtractor/ExtractorResult,,ComplexTextStim,317.95,0.16,0.6044900412
204,,AudioStim->IBMSpeechAPIConverter/ComplexTextStim->IndicoAPIExtractor/ExtractorResult,,ComplexTextStim,318.11,0.21,0.6094418997
205,,AudioStim->IBMSpeechAPIConverter/ComplexTextStim->IndicoAPIExtractor/ExtractorResult,,ComplexTextStim,318.32,0.62,0.9999589969
206,,AudioStim->IBMSpeechAPIConverter/ComplexTextStim->IndicoAPIExtractor/ExtractorResult,,ComplexTextStim,318.94,0.24,0.7455331154
207,,AudioStim->IBMSpeechAPIConverter/ComplexTextStim->IndicoAPIExtractor/ExtractorResult,,ComplexTextStim,319.18,0.46,0.4112411091
208,,AudioStim->IBMSpeechAPIConverter/ComplexTextStim->IndicoAPIExtractor/ExtractorResult,,ComplexTextStim,319.82,0.14,0.3243193041
209,,AudioStim->IBMSpeechAPIConverter/ComplexTextStim->IndicoAPIExtractor/ExtractorResult,,ComplexTextStim,319.96,0.41,0.9560118013
210,,AudioStim->IBMSpeechAPIConverter/ComplexTextStim->IndicoAPIExtractor/ExtractorResult,,ComplexTextStim,320.37,0.14,0.6044900412
211,,AudioStim->IBMSpeechAPIConverter/ComplexTextStim->IndicoAPIExtractor/ExtractorResult,,ComplexTextStim,320.51,0.32,0.8601720708
212,,AudioStim->IBMSpeechAPIConverter/ComplexTextStim->IndicoAPIExtractor/ExtractorResult,,ComplexTextStim,321.63,0.36,0.5736313219
213,,AudioStim->IBMSpeechAPIConverter/ComplexTextStim->IndicoAPIExtractor/ExtractorResult,,ComplexTextStim,321.99,0.37,0.5963056854
214,,AudioStim->IBMSpeechAPIConverter/ComplexTextStim->IndicoAPIExtractor/ExtractorResult,,ComplexTextStim,322.81,0.44,0.5775954726
215,,AudioStim->IBMSpeechAPIConverter/ComplexTextStim->IndicoAPIExtractor/ExtractorResult,,ComplexTextStim,323.32,0.08,0.4690169086
216,,AudioStim->IBMSpeechAPIConverter/ComplexTextStim->IndicoAPIExtractor/ExtractorResult,,ComplexTextStim,323.4,0.48,0.6166172583
217,,AudioStim->IBMSpeechAPIConverter/ComplexTextStim->IndicoAPIExtractor/ExtractorResult,,ComplexTextStim,327.13,0.18,0.4866333891
218,,AudioStim->IBMSpeechAPIConverter/ComplexTextStim->IndicoAPIExtractor/ExtractorResult,,ComplexTextStim,327.31,0.7,0.6240390233
219,,AudioStim->IBMSpeechAPIConverter/ComplexTextStim->IndicoAPIExtractor/ExtractorResult,,ComplexTextStim,328.38,0.36,0.4981026661
220,,AudioStim->IBMSpeechAPIConverter/ComplexTextStim->IndicoAPIExtractor/ExtractorResult,,ComplexTextStim,329.18,0.31,0.5861813105
221,,AudioStim->IBMSpeechAPIConverter/ComplexTextStim->IndicoAPIExtractor/ExtractorResult,,ComplexTextStim,329.49,0.47,0.7149995522
222,,AudioStim->IBMSpeechAPIConverter/ComplexTextStim->IndicoAPIExtractor/ExtractorResult,,ComplexTextStim,333.0,0.43,0.7149995522
223,,AudioStim->IBMSpeechAPIConverter/ComplexTextStim->IndicoAPIExtractor/ExtractorResult,,ComplexTextStim,333.43,0.12,0.5454200504
224,,AudioStim->IBMSpeechAPIConverter/ComplexTextStim->IndicoAPIExtractor/ExtractorResult,,ComplexTextStim,333.55,0.27,0.4411250696
225,,AudioStim->IBMSpeechAPIConverter/ComplexTextStim->IndicoAPIExtractor/ExtractorResult,,ComplexTextStim,333.86,0.34,0.8169800256
226,,AudioStim->IBMSpeechAPIConverter/ComplexTextStim->IndicoAPIExtractor/ExtractorResult,,ComplexTextStim,334.34,0.26,0.4319546923
227,,AudioStim->IBMSpeechAPIConverter/ComplexTextStim->IndicoAPIExtractor/ExtractorResult,,ComplexTextStim,334.99,0.42,0.8992220425
228,,AudioStim->IBMSpeechAPIConverter/ComplexTextStim->IndicoAPIExtractor/ExtractorResult,,ComplexTextStim,366.87,0.44,0.6044900412
229,,AudioStim->IBMSpeechAPIConverter/ComplexTextStim->IndicoAPIExtractor/ExtractorResult,,ComplexTextStim,398.42,0.34,0.786994658
230,,AudioStim->IBMSpeechAPIConverter/ComplexTextStim->IndicoAPIExtractor/ExtractorResult,,ComplexTextStim,399.94,0.07,0.4690169086
231,,AudioStim->IBMSpeechAPIConverter/ComplexTextStim->IndicoAPIExtractor/ExtractorResult,,ComplexTextStim,400.01,0.33,0.9978193348
232,,AudioStim->IBMSpeechAPIConverter/ComplexTextStim->IndicoAPIExtractor/ExtractorResult,,ComplexTextStim,400.56,0.34,0.7655122524
233,,AudioStim->IBMSpeechAPIConverter/ComplexTextStim->IndicoAPIExtractor/ExtractorResult,,ComplexTextStim,401.4,0.08,0.4719109023
234,,AudioStim->IBMSpeechAPIConverter/ComplexTextStim->IndicoAPIExtractor/ExtractorResult,,ComplexTextStim,401.48,0.24,0.2719513205
235,,AudioStim->IBMSpeechAPIConverter/ComplexTextStim->IndicoAPIExtractor/ExtractorResult,,ComplexTextStim,401.72,0.11,0.5454200504
236,,AudioStim->IBMSpeechAPIConverter/ComplexTextStim->IndicoAPIExtractor/ExtractorResult,,ComplexTextStim,402.17,0.25,0.3370584645
237,,AudioStim->IBMSpeechAPIConverter/ComplexTextStim->IndicoAPIExtractor/ExtractorResult,,ComplexTextStim,408.18,0.49,0.5338341124
238,,AudioStim->IBMSpeechAPIConverter/ComplexTextStim->IndicoAPIExtractor/ExtractorResult,,ComplexTextStim,409.72,0.18,0.9245977672
239,,AudioStim->IBMSpeechAPIConverter/ComplexTextStim->IndicoAPIExtractor/ExtractorResult,,ComplexTextStim,409.9,0.27,0.9245977672
240,,AudioStim->IBMSpeechAPIConverter/ComplexTextStim->IndicoAPIExtractor/ExtractorResult,,ComplexTextStim,419.92,0.28,0.4057649846
241,,AudioStim->IBMSpeechAPIConverter/ComplexTextStim->IndicoAPIExtractor/ExtractorResult,,ComplexTextStim,420.2,0.28,0.5846723246
242,,AudioStim->IBMSpeechAPIConverter/ComplexTextStim->IndicoAPIExtractor/ExtractorResult,,ComplexTextStim,421.72,0.28,0.9999281695
243,,AudioStim->IBMSpeechAPIConverter/ComplexTextStim->IndicoAPIExtractor/ExtractorResult,,ComplexTextStim,422.45,0.46,0.4819765819
